name,generation,hp,attack,defense,speed,special_attack,special_defense,base_stat_total,num_types,num_weaknesses,num_evolutions,is_non_evolving,is_dragon_type,is_psychic_type,is_fairy_type,is_fire_type,is_electric_type,is_legendary
bulbasaur,1,45,49,49,45,65,65,318,2,7,3,0,0,0,0,0,0,False
ivysaur,1,60,62,63,60,80,80,405,2,7,3,0,0,0,0,0,0,False
venusaur,1,80,82,83,80,100,100,525,2,7,3,0,0,0,0,0,0,False
charmander,1,39,52,43,65,60,50,309,1,3,3,0,0,0,0,1,0,False
charmeleon,1,58,64,58,80,80,65,405,1,3,3,0,0,0,0,1,0,False
charizard,1,78,84,78,100,109,85,534,2,5,3,0,0,0,0,1,0,False
squirtle,1,44,48,65,43,50,64,314,1,2,3,0,0,0,0,0,0,False
wartortle,1,59,63,80,58,65,80,405,1,2,3,0,0,0,0,0,0,False
blastoise,1,79,83,100,78,85,105,530,1,2,3,0,0,0,0,0,0,False
caterpie,1,45,30,35,45,20,20,195,1,3,3,0,0,0,0,0,0,False
metapod,1,50,20,55,30,25,25,205,1,3,3,0,0,0,0,0,0,False
butterfree,1,60,45,50,70,90,80,395,2,5,3,0,0,0,0,0,0,False
weedle,1,40,35,30,50,20,20,195,2,5,3,0,0,0,0,0,0,False
kakuna,1,45,25,50,35,25,25,205,2,5,3,0,0,0,0,0,0,False
beedrill,1,65,90,40,75,45,80,395,2,5,3,0,0,0,0,0,0,False
pidgey,1,40,45,40,56,35,35,251,2,4,3,0,0,0,0,0,0,False
pidgeotto,1,63,60,55,71,50,50,349,2,4,3,0,0,0,0,0,0,False
pidgeot,1,83,80,75,101,70,70,479,2,4,3,0,0,0,0,0,0,False
rattata,1,30,56,35,72,25,35,253,1,1,2,0,0,0,0,0,0,False
raticate,1,55,81,60,97,50,70,413,1,1,2,0,0,0,0,0,0,False
spearow,1,40,60,30,70,31,31,262,2,4,2,0,0,0,0,0,0,False
fearow,1,65,90,65,100,61,61,442,2,4,2,0,0,0,0,0,0,False
ekans,1,35,60,44,55,40,54,288,1,2,2,0,0,0,0,0,0,False
arbok,1,60,95,69,80,65,79,448,1,2,2,0,0,0,0,0,0,False
pikachu,1,35,55,40,90,50,50,320,1,1,3,0,0,0,0,0,1,False
raichu,1,60,90,55,110,90,80,485,1,1,3,0,0,0,0,0,1,False
sandshrew,1,50,75,85,40,20,30,300,1,3,2,0,0,0,0,0,0,False
sandslash,1,75,100,110,65,45,55,450,1,3,2,0,0,0,0,0,0,False
nidoran-f,1,55,47,52,41,40,40,275,1,2,3,0,0,0,0,0,0,False
nidorina,1,70,62,67,56,55,55,365,1,2,3,0,0,0,0,0,0,False
nidoqueen,1,90,92,87,76,75,85,505,2,5,3,0,0,0,0,0,0,False
nidoran-m,1,46,57,40,50,40,40,273,1,2,3,0,0,0,0,0,0,False
nidorino,1,61,72,57,65,55,55,365,1,2,3,0,0,0,0,0,0,False
nidoking,1,81,102,77,85,85,75,505,2,5,3,0,0,0,0,0,0,False
clefairy,1,70,45,48,35,60,65,323,1,2,3,0,0,0,1,0,0,False
clefable,1,95,70,73,60,95,90,483,1,2,3,0,0,0,1,0,0,False
vulpix,1,38,41,40,65,50,65,299,1,3,2,0,0,0,0,1,0,False
ninetales,1,73,76,75,100,81,100,505,1,3,2,0,0,0,0,1,0,False
jigglypuff,1,115,45,20,20,45,25,270,2,3,3,0,0,0,1,0,0,False
wigglytuff,1,140,70,45,45,85,50,435,2,3,3,0,0,0,1,0,0,False
zubat,1,40,45,35,55,30,40,245,2,5,3,0,0,0,0,0,0,False
golbat,1,75,80,70,90,65,75,455,2,5,3,0,0,0,0,0,0,False
oddish,1,45,50,55,30,75,65,320,2,7,3,0,0,0,0,0,0,False
gloom,1,60,65,70,40,85,75,395,2,7,3,0,0,0,0,0,0,False
vileplume,1,75,80,85,50,110,90,490,2,7,3,0,0,0,0,0,0,False
paras,1,35,70,55,25,45,55,285,2,6,2,0,0,0,0,0,0,False
parasect,1,60,95,80,30,60,80,405,2,6,2,0,0,0,0,0,0,False
venonat,1,60,55,50,45,40,55,305,2,5,2,0,0,0,0,0,0,False
venomoth,1,70,65,60,90,90,75,450,2,5,2,0,0,0,0,0,0,False
diglett,1,10,55,25,95,35,45,265,1,3,2,0,0,0,0,0,0,False
dugtrio,1,35,100,50,120,50,70,425,1,3,2,0,0,0,0,0,0,False
meowth,1,40,45,35,90,40,40,290,1,1,2,0,0,0,0,0,0,False
persian,1,65,70,60,115,65,65,440,1,1,2,0,0,0,0,0,0,False
psyduck,1,50,52,48,55,65,50,320,1,2,2,0,0,0,0,0,0,False
golduck,1,80,82,78,85,95,80,500,1,2,2,0,0,0,0,0,0,False
mankey,1,40,80,35,70,35,45,305,1,3,3,0,0,0,0,0,0,False
primeape,1,65,105,60,95,60,70,455,1,3,3,0,0,0,0,0,0,False
growlithe,1,55,70,45,60,70,50,350,1,3,2,0,0,0,0,1,0,False
arcanine,1,90,110,80,95,100,80,555,1,3,2,0,0,0,0,1,0,False
poliwag,1,40,50,40,90,40,40,300,1,2,3,0,0,0,0,0,0,False
poliwhirl,1,65,65,65,90,50,50,385,1,2,3,0,0,0,0,0,0,False
poliwrath,1,90,95,95,70,70,90,510,2,5,3,0,0,0,0,0,0,False
abra,1,25,20,15,90,105,55,310,1,3,3,0,0,1,0,0,0,False
kadabra,1,40,35,30,105,120,70,400,1,3,3,0,0,1,0,0,0,False
alakazam,1,55,50,45,120,135,95,500,1,3,3,0,0,1,0,0,0,False
machop,1,70,80,50,35,35,35,305,1,3,3,0,0,0,0,0,0,False
machoke,1,80,100,70,45,50,60,405,1,3,3,0,0,0,0,0,0,False
machamp,1,90,130,80,55,65,85,505,1,3,3,0,0,0,0,0,0,False
bellsprout,1,50,75,35,40,70,30,300,2,7,3,0,0,0,0,0,0,False
weepinbell,1,65,90,50,55,85,45,390,2,7,3,0,0,0,0,0,0,False
victreebel,1,80,105,65,70,100,70,490,2,7,3,0,0,0,0,0,0,False
tentacool,1,40,40,35,70,50,100,335,2,4,2,0,0,0,0,0,0,False
tentacruel,1,80,70,65,100,80,120,515,2,4,2,0,0,0,0,0,0,False
geodude,1,40,80,100,20,30,30,300,2,6,3,0,0,0,0,0,0,False
graveler,1,55,95,115,35,45,45,390,2,6,3,0,0,0,0,0,0,False
golem,1,80,120,130,45,55,65,495,2,6,3,0,0,0,0,0,0,False
ponyta,1,50,85,55,90,65,65,410,1,3,2,0,0,0,0,1,0,False
rapidash,1,65,100,70,105,80,80,500,1,3,2,0,0,0,0,1,0,False
slowpoke,1,90,65,65,15,40,40,315,2,5,2,0,0,1,0,0,0,False
slowbro,1,95,75,110,30,100,80,490,2,5,2,0,0,1,0,0,0,False
magnemite,1,25,35,70,45,95,55,325,2,3,3,0,0,0,0,0,1,False
magneton,1,50,60,95,70,120,70,465,2,3,3,0,0,0,0,0,1,False
farfetchd,1,52,90,55,60,58,62,377,2,4,2,0,0,0,0,0,0,False
doduo,1,35,85,45,75,35,35,310,2,4,2,0,0,0,0,0,0,False
dodrio,1,60,110,70,110,60,60,470,2,4,2,0,0,0,0,0,0,False
seel,1,65,45,55,45,45,70,325,1,2,2,0,0,0,0,0,0,False
dewgong,1,90,70,80,70,70,95,475,2,6,2,0,0,0,0,0,0,False
grimer,1,80,80,50,25,40,50,325,1,2,2,0,0,0,0,0,0,False
muk,1,105,105,75,50,65,100,500,1,2,2,0,0,0,0,0,0,False
shellder,1,30,65,100,40,45,25,305,1,2,2,0,0,0,0,0,0,False
cloyster,1,50,95,180,70,85,45,525,2,6,2,0,0,0,0,0,0,False
gastly,1,30,35,30,80,100,35,310,2,4,3,0,0,0,0,0,0,False
haunter,1,45,50,45,95,115,55,405,2,4,3,0,0,0,0,0,0,False
gengar,1,60,65,60,110,130,75,500,2,4,3,0,0,0,0,0,0,False
onix,1,35,45,160,70,30,45,385,2,6,2,0,0,0,0,0,0,False
drowzee,1,60,48,45,42,43,90,328,1,3,2,0,0,1,0,0,0,False
hypno,1,85,73,70,67,73,115,483,1,3,2,0,0,1,0,0,0,False
krabby,1,30,105,90,50,25,25,325,1,2,2,0,0,0,0,0,0,False
kingler,1,55,130,115,75,50,50,475,1,2,2,0,0,0,0,0,0,False
voltorb,1,40,30,50,100,55,55,330,1,1,2,0,0,0,0,0,1,False
electrode,1,60,50,70,150,80,80,490,1,1,2,0,0,0,0,0,1,False
exeggcute,1,60,40,80,40,60,45,325,2,7,2,0,0,1,0,0,0,False
exeggutor,1,95,95,85,55,125,75,530,2,7,2,0,0,1,0,0,0,False
cubone,1,50,50,95,35,40,50,320,1,3,2,0,0,0,0,0,0,False
marowak,1,60,80,110,45,50,80,425,1,3,2,0,0,0,0,0,0,False
hitmonlee,1,50,120,53,87,35,110,455,1,3,2,0,0,0,0,0,0,False
hitmonchan,1,50,105,79,76,35,110,455,1,3,2,0,0,0,0,0,0,False
lickitung,1,90,55,75,30,60,75,385,1,1,2,0,0,0,0,0,0,False
koffing,1,40,65,95,35,60,45,340,1,2,2,0,0,0,0,0,0,False
weezing,1,65,90,120,60,85,70,490,1,2,2,0,0,0,0,0,0,False
rhyhorn,1,80,85,95,25,30,30,345,2,6,3,0,0,0,0,0,0,False
rhydon,1,105,130,120,40,45,45,485,2,6,3,0,0,0,0,0,0,False
chansey,1,250,5,5,50,35,105,450,1,1,3,0,0,0,0,0,0,False
tangela,1,65,55,115,60,100,40,435,1,5,2,0,0,0,0,0,0,False
kangaskhan,1,105,95,80,90,40,80,490,1,1,1,1,0,0,0,0,0,False
horsea,1,30,40,70,60,70,25,295,1,2,3,0,0,0,0,0,0,False
seadra,1,55,65,95,85,95,45,440,1,2,3,0,0,0,0,0,0,False
goldeen,1,45,67,60,63,35,50,320,1,2,2,0,0,0,0,0,0,False
seaking,1,80,92,65,68,65,80,450,1,2,2,0,0,0,0,0,0,False
staryu,1,30,45,55,85,70,55,340,1,2,2,0,0,0,0,0,0,False
starmie,1,60,75,85,115,100,85,520,2,5,2,0,0,1,0,0,0,False
mr-mime,1,40,45,65,90,100,120,460,2,5,3,0,0,1,1,0,0,False
scyther,1,70,110,80,105,55,80,500,2,5,2,0,0,0,0,0,0,False
jynx,1,65,50,35,95,115,95,455,2,7,2,0,0,1,0,0,0,False
electabuzz,1,65,83,57,105,95,85,490,1,1,3,0,0,0,0,0,1,False
magmar,1,65,95,57,93,100,85,495,1,3,3,0,0,0,0,1,0,False
pinsir,1,65,125,100,85,55,70,500,1,3,1,1,0,0,0,0,0,False
tauros,1,75,100,95,110,40,70,490,1,1,1,1,0,0,0,0,0,False
magikarp,1,20,10,55,80,15,20,200,1,2,2,0,0,0,0,0,0,False
gyarados,1,95,125,79,81,60,100,540,2,4,2,0,0,0,0,0,0,False
lapras,1,130,85,80,60,85,95,535,2,6,1,1,0,0,0,0,0,False
ditto,1,48,48,48,48,48,48,288,1,1,1,1,0,0,0,0,0,False
eevee,1,55,55,50,55,45,65,325,1,1,2,0,0,0,0,0,0,False
vaporeon,1,130,65,60,65,110,95,525,1,2,2,0,0,0,0,0,0,False
jolteon,1,65,65,60,130,110,95,525,1,1,2,0,0,0,0,0,1,False
flareon,1,65,130,60,65,95,110,525,1,3,2,0,0,0,0,1,0,False
porygon,1,65,60,70,40,85,75,395,1,1,3,0,0,0,0,0,0,False
omanyte,1,35,40,100,35,90,55,355,2,6,2,0,0,0,0,0,0,False
omastar,1,70,60,125,55,115,70,495,2,6,2,0,0,0,0,0,0,False
kabuto,1,30,80,90,55,55,45,355,2,6,2,0,0,0,0,0,0,False
kabutops,1,60,115,105,80,65,70,495,2,6,2,0,0,0,0,0,0,False
aerodactyl,1,80,105,65,130,60,75,515,2,8,1,1,0,0,0,0,0,False
snorlax,1,160,110,65,30,65,110,540,1,1,2,0,0,0,0,0,0,False
articuno,1,90,85,100,85,95,125,580,2,6,1,1,0,0,0,0,0,True
zapdos,1,90,90,85,100,125,90,580,2,4,1,1,0,0,0,0,1,True
moltres,1,90,100,90,90,125,85,580,2,5,1,1,0,0,0,1,0,True
dratini,1,41,64,45,50,50,50,300,1,3,3,0,1,0,0,0,0,False
dragonair,1,61,84,65,70,70,70,420,1,3,3,0,1,0,0,0,0,False
dragonite,1,91,134,95,80,100,100,600,2,5,3,0,1,0,0,0,0,False
mewtwo,1,106,110,90,130,154,90,680,1,3,1,1,0,1,0,0,0,True
mew,1,100,100,100,100,100,100,600,1,3,1,1,0,1,0,0,0,False
chikorita,2,45,49,65,45,49,65,318,1,5,3,0,0,0,0,0,0,False
bayleef,2,60,62,80,60,63,80,405,1,5,3,0,0,0,0,0,0,False
meganium,2,80,82,100,80,83,100,525,1,5,3,0,0,0,0,0,0,False
cyndaquil,2,39,52,43,65,60,50,309,1,3,3,0,0,0,0,1,0,False
quilava,2,58,64,58,80,80,65,405,1,3,3,0,0,0,0,1,0,False
typhlosion,2,78,84,78,100,109,85,534,1,3,3,0,0,0,0,1,0,False
totodile,2,50,65,64,43,44,48,314,1,2,3,0,0,0,0,0,0,False
croconaw,2,65,80,80,58,59,63,405,1,2,3,0,0,0,0,0,0,False
feraligatr,2,85,105,100,78,79,83,530,1,2,3,0,0,0,0,0,0,False
sentret,2,35,46,34,20,35,45,215,1,1,2,0,0,0,0,0,0,False
furret,2,85,76,64,90,45,55,415,1,1,2,0,0,0,0,0,0,False
hoothoot,2,60,30,30,50,36,56,262,2,4,2,0,0,0,0,0,0,False
noctowl,2,100,50,50,70,86,96,452,2,4,2,0,0,0,0,0,0,False
ledyba,2,40,20,30,55,40,80,265,2,5,2,0,0,0,0,0,0,False
ledian,2,55,35,50,85,55,110,390,2,5,2,0,0,0,0,0,0,False
spinarak,2,40,60,40,30,40,40,250,2,5,2,0,0,0,0,0,0,False
ariados,2,70,90,70,40,60,70,400,2,5,2,0,0,0,0,0,0,False
crobat,2,85,90,80,130,70,80,535,2,5,3,0,0,0,0,0,0,False
chinchou,2,75,38,38,67,56,56,330,2,3,2,0,0,0,0,0,1,False
lanturn,2,125,58,58,67,76,76,460,2,3,2,0,0,0,0,0,1,False
pichu,2,20,40,15,60,35,35,205,1,1,3,0,0,0,0,0,1,False
cleffa,2,50,25,28,15,45,55,218,1,2,3,0,0,0,1,0,0,False
igglybuff,2,90,30,15,15,40,20,210,2,3,3,0,0,0,1,0,0,False
togepi,2,35,20,65,20,40,65,245,1,2,3,0,0,0,1,0,0,False
togetic,2,55,40,85,40,80,105,405,2,5,3,0,0,0,1,0,0,False
natu,2,40,50,45,70,70,45,320,2,6,2,0,0,1,0,0,0,False
xatu,2,65,75,70,95,95,70,470,2,6,2,0,0,1,0,0,0,False
mareep,2,55,40,40,35,65,45,280,1,1,3,0,0,0,0,0,1,False
flaaffy,2,70,55,55,45,80,60,365,1,1,3,0,0,0,0,0,1,False
ampharos,2,90,75,85,55,115,90,510,1,1,3,0,0,0,0,0,1,False
bellossom,2,75,80,95,50,90,100,490,1,5,3,0,0,0,0,0,0,False
marill,2,70,20,50,40,20,50,250,2,4,3,0,0,0,1,0,0,False
azumarill,2,100,50,80,50,60,80,420,2,4,3,0,0,0,1,0,0,False
sudowoodo,2,70,100,115,30,30,65,410,1,5,2,0,0,0,0,0,0,False
politoed,2,90,75,75,70,90,100,500,1,2,3,0,0,0,0,0,0,False
hoppip,2,35,35,40,50,35,55,250,2,7,3,0,0,0,0,0,0,False
skiploom,2,55,45,50,80,45,65,340,2,7,3,0,0,0,0,0,0,False
jumpluff,2,75,55,70,110,55,95,460,2,7,3,0,0,0,0,0,0,False
aipom,2,55,70,55,85,40,55,360,1,1,2,0,0,0,0,0,0,False
sunkern,2,30,30,30,30,30,30,180,1,5,2,0,0,0,0,0,0,False
sunflora,2,75,75,55,30,105,85,425,1,5,2,0,0,0,0,0,0,False
yanma,2,65,65,45,95,75,45,390,2,5,2,0,0,0,0,0,0,False
wooper,2,55,45,45,15,25,25,210,2,4,2,0,0,0,0,0,0,False
quagsire,2,95,85,85,35,65,65,430,2,4,2,0,0,0,0,0,0,False
espeon,2,65,65,60,110,130,95,525,1,3,2,0,0,1,0,0,0,False
umbreon,2,95,65,110,65,60,130,525,1,3,2,0,0,0,0,0,0,False
murkrow,2,60,85,42,91,85,42,405,2,6,2,0,0,0,0,0,0,False
slowking,2,95,75,80,30,100,110,490,2,5,2,0,0,1,0,0,0,False
misdreavus,2,60,60,60,85,85,85,435,1,2,2,0,0,0,0,0,0,False
unown,2,48,72,48,48,72,48,336,1,3,1,1,0,1,0,0,0,False
wobbuffet,2,190,33,58,33,33,58,405,1,3,2,0,0,1,0,0,0,False
girafarig,2,70,80,65,85,90,65,455,2,4,2,0,0,1,0,0,0,False
pineco,2,50,65,90,15,35,35,290,1,3,2,0,0,0,0,0,0,False
forretress,2,75,90,140,40,60,60,465,2,5,2,0,0,0,0,0,0,False
dunsparce,2,100,70,70,45,65,65,415,1,1,2,0,0,0,0,0,0,False
gligar,2,65,75,105,85,35,65,430,2,5,2,0,0,0,0,0,0,False
steelix,2,75,85,200,30,55,65,510,2,6,2,0,0,0,0,0,0,False
snubbull,2,60,80,50,30,40,40,300,1,2,2,0,0,0,1,0,0,False
granbull,2,90,120,75,45,60,60,450,1,2,2,0,0,0,1,0,0,False
qwilfish,2,65,95,85,85,55,55,440,2,4,2,0,0,0,0,0,0,False
scizor,2,70,130,100,65,55,80,500,2,5,2,0,0,0,0,0,0,False
shuckle,2,20,10,230,5,10,230,505,2,8,1,1,0,0,0,0,0,False
heracross,2,80,125,75,85,40,95,500,2,5,1,1,0,0,0,0,0,False
sneasel,2,55,95,55,115,35,75,430,2,6,2,0,0,0,0,0,0,False
teddiursa,2,60,80,50,40,50,50,330,1,1,3,0,0,0,0,0,0,False
ursaring,2,90,130,75,55,75,75,500,1,1,3,0,0,0,0,0,0,False
slugma,2,40,40,40,20,70,40,250,1,3,2,0,0,0,0,1,0,False
magcargo,2,60,50,120,30,90,80,430,2,6,2,0,0,0,0,1,0,False
swinub,2,50,50,40,50,30,30,250,2,7,3,0,0,0,0,0,0,False
piloswine,2,100,100,80,50,60,60,450,2,7,3,0,0,0,0,0,0,False
corsola,2,65,55,95,35,65,95,410,2,6,2,0,0,0,0,0,0,False
remoraid,2,35,65,35,65,65,35,300,1,2,2,0,0,0,0,0,0,False
octillery,2,75,105,75,45,105,75,480,1,2,2,0,0,0,0,0,0,False
delibird,2,45,55,45,75,65,45,330,2,6,1,1,0,0,0,0,0,False
mantine,2,85,40,70,70,80,140,485,2,4,2,0,0,0,0,0,0,False
skarmory,2,65,80,140,70,40,70,465,2,6,1,1,0,0,0,0,0,False
houndour,2,45,60,30,65,80,50,330,2,6,2,0,0,0,0,1,0,False
houndoom,2,75,90,50,95,110,80,500,2,6,2,0,0,0,0,1,0,False
kingdra,2,75,95,95,85,95,95,540,2,5,3,0,1,0,0,0,0,False
phanpy,2,90,60,60,40,40,40,330,1,3,2,0,0,0,0,0,0,False
donphan,2,90,120,120,50,60,60,500,1,3,2,0,0,0,0,0,0,False
porygon2,2,85,80,90,60,105,95,515,1,1,3,0,0,0,0,0,0,False
stantler,2,73,95,62,85,85,65,465,1,1,2,0,0,0,0,0,0,False
smeargle,2,55,20,35,75,20,45,250,1,1,1,1,0,0,0,0,0,False
tyrogue,2,35,35,35,35,35,35,210,1,3,2,0,0,0,0,0,0,False
hitmontop,2,50,95,95,70,35,110,455,1,3,2,0,0,0,0,0,0,False
smoochum,2,45,30,15,65,85,65,305,2,7,2,0,0,1,0,0,0,False
elekid,2,45,63,37,95,65,55,360,1,1,3,0,0,0,0,0,1,False
magby,2,45,75,37,83,70,55,365,1,3,3,0,0,0,0,1,0,False
miltank,2,95,80,105,100,40,70,490,1,1,1,1,0,0,0,0,0,False
blissey,2,255,10,10,55,75,135,540,1,1,3,0,0,0,0,0,0,False
raikou,2,90,85,75,115,115,100,580,1,1,1,1,0,0,0,0,1,True
entei,2,115,115,85,100,90,75,580,1,3,1,1,0,0,0,1,0,True
suicune,2,100,75,115,85,90,115,580,1,2,1,1,0,0,0,0,0,True
larvitar,2,50,64,50,41,45,50,300,2,6,3,0,0,0,0,0,0,False
pupitar,2,70,84,70,51,65,70,410,2,6,3,0,0,0,0,0,0,False
tyranitar,2,100,134,110,61,95,100,600,2,7,3,0,0,0,0,0,0,False
lugia,2,106,90,130,110,90,154,680,2,6,1,1,0,1,0,0,0,True
ho-oh,2,106,130,90,90,110,154,680,2,5,1,1,0,0,0,1,0,True
celebi,2,100,100,100,100,100,100,600,2,7,1,1,0,1,0,0,0,False
treecko,3,40,45,35,70,65,55,310,1,5,3,0,0,0,0,0,0,False
grovyle,3,50,65,45,95,85,65,405,1,5,3,0,0,0,0,0,0,False
sceptile,3,70,85,65,120,105,85,530,1,5,3,0,0,0,0,0,0,False
torchic,3,45,60,40,45,70,50,310,1,3,3,0,0,0,0,1,0,False
combusken,3,60,85,60,55,85,60,405,2,6,3,0,0,0,0,1,0,False
blaziken,3,80,120,70,80,110,70,530,2,6,3,0,0,0,0,1,0,False
mudkip,3,50,70,50,40,50,50,310,1,2,3,0,0,0,0,0,0,False
marshtomp,3,70,85,70,50,60,70,405,2,4,3,0,0,0,0,0,0,False
swampert,3,100,110,90,60,85,90,535,2,4,3,0,0,0,0,0,0,False
poochyena,3,35,55,35,35,30,30,220,1,3,2,0,0,0,0,0,0,False
mightyena,3,70,90,70,70,60,60,420,1,3,2,0,0,0,0,0,0,False
zigzagoon,3,38,30,41,60,30,41,240,1,1,3,0,0,0,0,0,0,False
linoone,3,78,70,61,100,50,61,420,1,1,3,0,0,0,0,0,0,False
wurmple,3,45,45,35,20,20,30,195,1,3,3,0,0,0,0,0,0,False
silcoon,3,50,35,55,15,25,25,205,1,3,3,0,0,0,0,0,0,False
beautifly,3,60,70,50,65,100,50,395,2,5,3,0,0,0,0,0,0,False
cascoon,3,50,35,55,15,25,25,205,1,3,3,0,0,0,0,0,0,False
dustox,3,60,50,70,65,50,90,385,2,5,3,0,0,0,0,0,0,False
lotad,3,40,30,30,30,40,50,220,2,7,3,0,0,0,0,0,0,False
lombre,3,60,50,50,50,60,70,340,2,7,3,0,0,0,0,0,0,False
ludicolo,3,80,70,70,70,90,100,480,2,7,3,0,0,0,0,0,0,False
seedot,3,40,40,50,30,30,30,220,1,5,3,0,0,0,0,0,0,False
nuzleaf,3,70,70,40,60,60,40,340,2,7,3,0,0,0,0,0,0,False
shiftry,3,90,100,60,80,90,60,480,2,7,3,0,0,0,0,0,0,False
taillow,3,40,55,30,85,30,30,270,2,4,2,0,0,0,0,0,0,False
swellow,3,60,85,60,125,75,50,455,2,4,2,0,0,0,0,0,0,False
wingull,3,40,30,30,85,55,30,270,2,4,2,0,0,0,0,0,0,False
pelipper,3,60,50,100,65,95,70,440,2,4,2,0,0,0,0,0,0,False
ralts,3,28,25,25,40,45,35,198,2,5,3,0,0,1,1,0,0,False
kirlia,3,38,35,35,50,65,55,278,2,5,3,0,0,1,1,0,0,False
gardevoir,3,68,65,65,80,125,115,518,2,5,3,0,0,1,1,0,0,False
surskit,3,40,30,32,65,50,52,269,2,5,2,0,0,0,0,0,0,False
masquerain,3,70,60,62,80,100,82,454,2,5,2,0,0,0,0,0,0,False
shroomish,3,60,40,60,35,40,60,295,1,5,2,0,0,0,0,0,0,False
breloom,3,60,130,80,70,60,60,460,2,7,2,0,0,0,0,0,0,False
slakoth,3,60,60,60,30,35,35,280,1,1,3,0,0,0,0,0,0,False
vigoroth,3,80,80,80,90,55,55,440,1,1,3,0,0,0,0,0,0,False
slaking,3,150,160,100,100,95,65,670,1,1,3,0,0,0,0,0,0,False
nincada,3,31,45,90,40,30,30,266,2,6,2,0,0,0,0,0,0,False
ninjask,3,61,90,45,160,50,50,456,2,5,2,0,0,0,0,0,0,False
shedinja,3,1,90,45,40,30,30,236,2,5,2,0,0,0,0,0,0,False
whismur,3,64,51,23,28,51,23,240,1,1,3,0,0,0,0,0,0,False
loudred,3,84,71,43,48,71,43,360,1,1,3,0,0,0,0,0,0,False
exploud,3,104,91,63,68,91,73,490,1,1,3,0,0,0,0,0,0,False
makuhita,3,72,60,30,25,20,30,237,1,3,2,0,0,0,0,0,0,False
hariyama,3,144,120,60,50,40,60,474,1,3,2,0,0,0,0,0,0,False
azurill,3,50,20,40,20,20,40,190,2,3,3,0,0,0,1,0,0,False
nosepass,3,30,45,135,30,45,90,375,1,5,2,0,0,0,0,0,0,False
skitty,3,50,45,45,50,35,35,260,1,1,2,0,0,0,0,0,0,False
delcatty,3,70,65,65,90,55,55,400,1,1,2,0,0,0,0,0,0,False
sableye,3,50,75,75,50,65,65,380,2,5,1,1,0,0,0,0,0,False
mawile,3,50,85,85,50,55,55,380,2,5,1,1,0,0,1,0,0,False
aron,3,50,70,100,30,40,40,330,2,6,3,0,0,0,0,0,0,False
lairon,3,60,90,140,40,50,50,430,2,6,3,0,0,0,0,0,0,False
aggron,3,70,110,180,50,60,60,530,2,6,3,0,0,0,0,0,0,False
meditite,3,30,40,55,60,40,55,280,2,6,2,0,0,1,0,0,0,False
medicham,3,60,60,75,80,60,75,410,2,6,2,0,0,1,0,0,0,False
electrike,3,40,45,40,65,65,40,295,1,1,2,0,0,0,0,0,1,False
manectric,3,70,75,60,105,105,60,475,1,1,2,0,0,0,0,0,1,False
plusle,3,60,50,40,95,85,75,405,1,1,1,1,0,0,0,0,1,False
minun,3,60,40,50,95,75,85,405,1,1,1,1,0,0,0,0,1,False
volbeat,3,65,73,75,85,47,85,430,1,3,1,1,0,0,0,0,0,False
illumise,3,65,47,75,85,73,85,430,1,3,1,1,0,0,0,0,0,False
roselia,3,50,60,45,65,100,80,400,2,7,3,0,0,0,0,0,0,False
gulpin,3,70,43,53,40,43,53,302,1,2,2,0,0,0,0,0,0,False
swalot,3,100,73,83,55,73,83,467,1,2,2,0,0,0,0,0,0,False
carvanha,3,45,90,20,65,65,20,305,2,5,2,0,0,0,0,0,0,False
sharpedo,3,70,120,40,95,95,40,460,2,5,2,0,0,0,0,0,0,False
wailmer,3,130,70,35,60,70,35,400,1,2,2,0,0,0,0,0,0,False
wailord,3,170,90,45,60,90,45,500,1,2,2,0,0,0,0,0,0,False
numel,3,60,60,40,35,65,45,305,2,5,2,0,0,0,0,1,0,False
camerupt,3,70,100,70,40,105,75,460,2,5,2,0,0,0,0,1,0,False
torkoal,3,70,85,140,20,85,70,470,1,3,1,1,0,0,0,1,0,False
spoink,3,60,25,35,60,70,80,330,1,3,2,0,0,1,0,0,0,False
grumpig,3,80,45,65,80,90,110,470,1,3,2,0,0,1,0,0,0,False
spinda,3,60,60,60,60,60,60,360,1,1,1,1,0,0,0,0,0,False
trapinch,3,45,100,45,10,45,45,290,1,3,3,0,0,0,0,0,0,False
vibrava,3,50,70,50,70,50,50,340,2,5,3,0,1,0,0,0,0,False
flygon,3,80,100,80,100,80,80,520,2,5,3,0,1,0,0,0,0,False
cacnea,3,50,85,40,35,85,40,335,1,5,2,0,0,0,0,0,0,False
cacturne,3,70,115,60,55,115,60,475,2,7,2,0,0,0,0,0,0,False
swablu,3,45,40,60,50,40,75,310,2,4,2,0,0,0,0,0,0,False
altaria,3,75,70,90,80,70,105,490,2,5,2,0,1,0,0,0,0,False
zangoose,3,73,115,60,90,60,60,458,1,1,1,1,0,0,0,0,0,False
seviper,3,73,100,60,65,100,60,458,1,2,1,1,0,0,0,0,0,False
lunatone,3,90,55,65,70,95,85,460,2,8,1,1,0,1,0,0,0,False
solrock,3,90,95,85,70,55,65,460,2,8,1,1,0,1,0,0,0,False
barboach,3,50,48,43,60,46,41,288,2,4,2,0,0,0,0,0,0,False
whiscash,3,110,78,73,60,76,71,468,2,4,2,0,0,0,0,0,0,False
corphish,3,43,80,65,35,50,35,308,1,2,2,0,0,0,0,0,0,False
crawdaunt,3,63,120,85,55,90,55,468,2,5,2,0,0,0,0,0,0,False
baltoy,3,40,40,55,55,40,70,300,2,6,2,0,0,1,0,0,0,False
claydol,3,60,70,105,75,70,120,500,2,6,2,0,0,1,0,0,0,False
lileep,3,66,41,77,23,61,87,355,2,10,2,0,0,0,0,0,0,False
cradily,3,86,81,97,43,81,107,495,2,10,2,0,0,0,0,0,0,False
anorith,3,45,95,50,75,40,50,355,2,8,2,0,0,0,0,0,0,False
armaldo,3,75,125,100,45,70,80,495,2,8,2,0,0,0,0,0,0,False
feebas,3,20,15,20,80,10,55,200,1,2,2,0,0,0,0,0,0,False
milotic,3,95,60,79,81,100,125,540,1,2,2,0,0,0,0,0,0,False
castform,3,70,70,70,70,70,70,420,1,1,1,1,0,0,0,0,0,False
kecleon,3,60,90,70,40,60,120,440,1,1,1,1,0,0,0,0,0,False
shuppet,3,44,75,35,45,63,33,295,1,2,2,0,0,0,0,0,0,False
banette,3,64,115,65,65,83,63,455,1,2,2,0,0,0,0,0,0,False
duskull,3,20,40,90,25,30,90,295,1,2,3,0,0,0,0,0,0,False
dusclops,3,40,70,130,25,60,130,455,1,2,3,0,0,0,0,0,0,False
tropius,3,99,68,83,51,72,87,460,2,7,1,1,0,0,0,0,0,False
chimecho,3,75,50,80,65,95,90,455,1,3,2,0,0,1,0,0,0,False
absol,3,65,130,60,75,75,60,465,1,3,1,1,0,0,0,0,0,False
wynaut,3,95,23,48,23,23,48,260,1,3,2,0,0,1,0,0,0,False
snorunt,3,50,50,50,50,50,50,300,1,4,2,0,0,0,0,0,0,False
glalie,3,80,80,80,80,80,80,480,1,4,2,0,0,0,0,0,0,False
spheal,3,70,40,50,25,55,50,290,2,6,3,0,0,0,0,0,0,False
sealeo,3,90,60,70,45,75,70,410,2,6,3,0,0,0,0,0,0,False
walrein,3,110,80,90,65,95,90,530,2,6,3,0,0,0,0,0,0,False
clamperl,3,35,64,85,32,74,55,345,1,2,2,0,0,0,0,0,0,False
huntail,3,55,104,105,52,94,75,485,1,2,2,0,0,0,0,0,0,False
gorebyss,3,55,84,105,52,114,75,485,1,2,2,0,0,0,0,0,0,False
relicanth,3,100,90,130,55,45,65,485,2,6,1,1,0,0,0,0,0,False
luvdisc,3,43,30,55,97,40,65,330,1,2,1,1,0,0,0,0,0,False
bagon,3,45,75,60,50,40,30,300,1,3,3,0,1,0,0,0,0,False
shelgon,3,65,95,100,50,60,50,420,1,3,3,0,1,0,0,0,0,False
salamence,3,95,135,80,100,110,80,600,2,5,3,0,1,0,0,0,0,False
beldum,3,40,55,80,30,35,60,300,2,6,3,0,0,1,0,0,0,False
metang,3,60,75,100,50,55,80,420,2,6,3,0,0,1,0,0,0,False
metagross,3,80,135,130,70,95,90,600,2,6,3,0,0,1,0,0,0,False
regirock,3,80,100,200,50,50,100,580,1,5,1,1,0,0,0,0,0,True
regice,3,80,50,100,50,100,200,580,1,4,1,1,0,0,0,0,0,True
registeel,3,80,75,150,50,75,150,580,1,3,1,1,0,0,0,0,0,True
latias,3,80,80,90,110,110,130,600,2,6,1,1,1,1,0,0,0,True
latios,3,80,90,80,110,130,110,600,2,6,1,1,1,1,0,0,0,True
kyogre,3,100,100,90,90,150,140,670,1,2,1,1,0,0,0,0,0,True
groudon,3,100,150,140,90,100,90,670,1,3,1,1,0,0,0,0,0,True
rayquaza,3,105,150,90,95,150,90,680,2,5,1,1,1,0,0,0,0,True
jirachi,3,100,100,100,100,100,100,600,2,6,1,1,0,1,0,0,0,False
deoxys-normal,3,50,150,50,150,150,50,600,1,3,1,1,0,1,0,0,0,False
turtwig,4,55,68,64,31,45,55,318,1,5,3,0,0,0,0,0,0,False
grotle,4,75,89,85,36,55,65,405,1,5,3,0,0,0,0,0,0,False
torterra,4,95,109,105,56,75,85,525,2,7,3,0,0,0,0,0,0,False
chimchar,4,44,58,44,61,58,44,309,1,3,3,0,0,0,0,1,0,False
monferno,4,64,78,52,81,78,52,405,2,6,3,0,0,0,0,1,0,False
infernape,4,76,104,71,108,104,71,534,2,6,3,0,0,0,0,1,0,False
piplup,4,53,51,53,40,61,56,314,1,2,3,0,0,0,0,0,0,False
prinplup,4,64,66,68,50,81,76,405,1,2,3,0,0,0,0,0,0,False
empoleon,4,84,86,88,60,111,101,530,2,5,3,0,0,0,0,0,0,False
starly,4,40,55,30,60,30,30,245,2,4,3,0,0,0,0,0,0,False
staravia,4,55,75,50,80,40,40,340,2,4,3,0,0,0,0,0,0,False
staraptor,4,85,120,70,100,50,60,485,2,4,3,0,0,0,0,0,0,False
bidoof,4,59,45,40,31,35,40,250,1,1,2,0,0,0,0,0,0,False
bibarel,4,79,85,60,71,55,60,410,2,3,2,0,0,0,0,0,0,False
kricketot,4,37,25,41,25,25,41,194,1,3,2,0,0,0,0,0,0,False
kricketune,4,77,85,51,65,55,51,384,1,3,2,0,0,0,0,0,0,False
shinx,4,45,65,34,45,40,34,263,1,1,3,0,0,0,0,0,1,False
luxio,4,60,85,49,60,60,49,363,1,1,3,0,0,0,0,0,1,False
luxray,4,80,120,79,70,95,79,523,1,1,3,0,0,0,0,0,1,False
budew,4,40,30,35,55,50,70,280,2,7,3,0,0,0,0,0,0,False
roserade,4,60,70,65,90,125,105,515,2,7,3,0,0,0,0,0,0,False
cranidos,4,67,125,40,58,30,30,350,1,5,2,0,0,0,0,0,0,False
rampardos,4,97,165,60,58,65,50,495,1,5,2,0,0,0,0,0,0,False
shieldon,4,30,42,118,30,42,88,350,2,6,2,0,0,0,0,0,0,False
bastiodon,4,60,52,168,30,47,138,495,2,6,2,0,0,0,0,0,0,False
burmy,4,40,29,45,36,29,45,224,1,3,2,0,0,0,0,0,0,False
wormadam-plant,4,60,59,85,36,79,105,424,2,6,2,0,0,0,0,0,0,False
mothim,4,70,94,50,66,94,50,424,2,5,2,0,0,0,0,0,0,False
combee,4,30,30,42,70,30,42,244,2,5,2,0,0,0,0,0,0,False
vespiquen,4,70,80,102,40,80,102,474,2,5,2,0,0,0,0,0,0,False
pachirisu,4,60,45,70,95,45,90,405,1,1,1,1,0,0,0,0,1,False
buizel,4,55,65,35,85,60,30,330,1,2,2,0,0,0,0,0,0,False
floatzel,4,85,105,55,115,85,50,495,1,2,2,0,0,0,0,0,0,False
cherubi,4,45,35,45,35,62,53,275,1,5,2,0,0,0,0,0,0,False
cherrim,4,70,60,70,85,87,78,450,1,5,2,0,0,0,0,0,0,False
shellos,4,76,48,48,34,57,62,325,1,2,2,0,0,0,0,0,0,False
gastrodon,4,111,83,68,39,92,82,475,2,4,2,0,0,0,0,0,0,False
ambipom,4,75,100,66,115,60,66,482,1,1,2,0,0,0,0,0,0,False
drifloon,4,90,50,34,70,60,44,348,2,5,2,0,0,0,0,0,0,False
drifblim,4,150,80,44,80,90,54,498,2,5,2,0,0,0,0,0,0,False
buneary,4,55,66,44,85,44,56,350,1,1,2,0,0,0,0,0,0,False
lopunny,4,65,76,84,105,54,96,480,1,1,2,0,0,0,0,0,0,False
mismagius,4,60,60,60,105,105,105,495,1,2,2,0,0,0,0,0,0,False
honchkrow,4,100,125,52,71,105,52,505,2,6,2,0,0,0,0,0,0,False
glameow,4,49,55,42,85,42,37,310,1,1,2,0,0,0,0,0,0,False
purugly,4,71,82,64,112,64,59,452,1,1,2,0,0,0,0,0,0,False
chingling,4,45,30,50,45,65,50,285,1,3,2,0,0,1,0,0,0,False
stunky,4,63,63,47,74,41,41,329,2,5,2,0,0,0,0,0,0,False
skuntank,4,103,93,67,84,71,61,479,2,5,2,0,0,0,0,0,0,False
bronzor,4,57,24,86,23,24,86,300,2,6,2,0,0,1,0,0,0,False
bronzong,4,67,89,116,33,79,116,500,2,6,2,0,0,1,0,0,0,False
bonsly,4,50,80,95,10,10,45,290,1,5,2,0,0,0,0,0,0,False
mime-jr,4,20,25,45,60,70,90,310,2,5,3,0,0,1,1,0,0,False
happiny,4,100,5,5,30,15,65,220,1,1,3,0,0,0,0,0,0,False
chatot,4,76,65,45,91,92,42,411,2,4,1,1,0,0,0,0,0,False
spiritomb,4,50,92,108,35,92,108,485,2,5,1,1,0,0,0,0,0,False
gible,4,58,70,45,42,40,45,300,2,5,3,0,1,0,0,0,0,False
gabite,4,68,90,65,82,50,55,410,2,5,3,0,1,0,0,0,0,False
garchomp,4,108,130,95,102,80,85,600,2,5,3,0,1,0,0,0,0,False
munchlax,4,135,85,40,5,40,85,390,1,1,2,0,0,0,0,0,0,False
riolu,4,40,70,40,60,35,40,285,1,3,2,0,0,0,0,0,0,False
lucario,4,70,110,70,90,115,70,525,2,6,2,0,0,0,0,0,0,False
hippopotas,4,68,72,78,32,38,42,330,1,3,2,0,0,0,0,0,0,False
hippowdon,4,108,112,118,47,68,72,525,1,3,2,0,0,0,0,0,0,False
skorupi,4,40,50,90,65,30,55,330,2,5,2,0,0,0,0,0,0,False
drapion,4,70,90,110,95,60,75,500,2,5,2,0,0,0,0,0,0,False
croagunk,4,48,61,40,50,61,40,300,2,4,2,0,0,0,0,0,0,False
toxicroak,4,83,106,65,85,86,65,490,2,4,2,0,0,0,0,0,0,False
carnivine,4,74,100,72,46,90,72,454,1,5,1,1,0,0,0,0,0,False
finneon,4,49,49,56,66,49,61,330,1,2,2,0,0,0,0,0,0,False
lumineon,4,69,69,76,91,69,86,460,1,2,2,0,0,0,0,0,0,False
mantyke,4,45,20,50,50,60,120,345,2,4,2,0,0,0,0,0,0,False
snover,4,60,62,50,40,62,60,334,2,8,2,0,0,0,0,0,0,False
abomasnow,4,90,92,75,60,92,85,494,2,8,2,0,0,0,0,0,0,False
weavile,4,70,120,65,125,45,85,510,2,6,2,0,0,0,0,0,0,False
magnezone,4,70,70,115,60,130,90,535,2,3,3,0,0,0,0,0,1,False
lickilicky,4,110,85,95,50,80,95,515,1,1,2,0,0,0,0,0,0,False
rhyperior,4,115,140,130,40,55,55,535,2,6,3,0,0,0,0,0,0,False
tangrowth,4,100,100,125,50,110,50,535,1,5,2,0,0,0,0,0,0,False
electivire,4,75,123,67,95,95,85,540,1,1,3,0,0,0,0,0,1,False
magmortar,4,75,95,67,83,125,95,540,1,3,3,0,0,0,0,1,0,False
togekiss,4,85,50,95,80,120,115,545,2,5,3,0,0,0,1,0,0,False
yanmega,4,86,76,86,95,116,56,515,2,5,2,0,0,0,0,0,0,False
leafeon,4,65,110,130,95,60,65,525,1,5,2,0,0,0,0,0,0,False
glaceon,4,65,60,110,65,130,95,525,1,4,2,0,0,0,0,0,0,False
gliscor,4,75,95,125,95,45,75,510,2,5,2,0,0,0,0,0,0,False
mamoswine,4,110,130,80,80,70,60,530,2,7,3,0,0,0,0,0,0,False
porygon-z,4,85,80,70,90,135,75,535,1,1,3,0,0,0,0,0,0,False
gallade,4,68,125,65,80,65,115,518,2,6,3,0,0,1,0,0,0,False
probopass,4,60,55,145,40,75,150,525,2,6,2,0,0,0,0,0,0,False
dusknoir,4,45,100,135,45,65,135,525,1,2,3,0,0,0,0,0,0,False
froslass,4,70,80,70,110,80,70,480,2,6,2,0,0,0,0,0,0,False
rotom,4,50,50,77,91,95,77,440,2,3,1,1,0,0,0,0,1,False
uxie,4,75,75,130,95,75,130,580,1,3,1,1,0,1,0,0,0,True
mesprit,4,80,105,105,80,105,105,580,1,3,1,1,0,1,0,0,0,True
azelf,4,75,125,70,115,125,70,580,1,3,1,1,0,1,0,0,0,True
dialga,4,100,120,120,90,150,100,680,2,6,1,1,1,0,0,0,0,True
palkia,4,90,120,100,100,150,120,680,2,5,1,1,1,0,0,0,0,True
heatran,4,91,90,106,77,130,106,600,2,5,1,1,0,0,0,1,0,True
regigigas,4,110,160,110,100,80,110,670,1,1,1,1,0,0,0,0,0,True
giratina-altered,4,150,100,120,90,100,120,680,2,5,1,1,1,0,0,0,0,True
cresselia,4,120,70,110,85,75,120,580,1,3,1,1,0,1,0,0,0,True
phione,4,80,80,80,80,80,80,480,1,2,2,0,0,0,0,0,0,False
manaphy,4,100,100,100,100,100,100,600,1,2,2,0,0,0,0,0,0,False
darkrai,4,70,90,90,125,135,90,600,1,3,1,1,0,0,0,0,0,False
shaymin-land,4,100,100,100,100,100,100,600,1,5,1,1,0,0,0,0,0,False
arceus,4,120,120,120,120,120,120,720,1,1,1,1,0,0,0,0,0,False
victini,5,100,100,100,100,100,100,600,2,6,1,1,0,1,0,1,0,False
snivy,5,45,45,55,63,45,55,308,1,5,3,0,0,0,0,0,0,False
servine,5,60,60,75,83,60,75,413,1,5,3,0,0,0,0,0,0,False
serperior,5,75,75,95,113,75,95,528,1,5,3,0,0,0,0,0,0,False
tepig,5,65,63,45,45,45,45,308,1,3,3,0,0,0,0,1,0,False
pignite,5,90,93,55,55,70,55,418,2,6,3,0,0,0,0,1,0,False
emboar,5,110,123,65,65,100,65,528,2,6,3,0,0,0,0,1,0,False
oshawott,5,55,55,45,45,63,45,308,1,2,3,0,0,0,0,0,0,False
dewott,5,75,75,60,60,83,60,413,1,2,3,0,0,0,0,0,0,False
samurott,5,95,100,85,70,108,70,528,1,2,3,0,0,0,0,0,0,False
patrat,5,45,55,39,42,35,39,255,1,1,2,0,0,0,0,0,0,False
watchog,5,60,85,69,77,60,69,420,1,1,2,0,0,0,0,0,0,False
lillipup,5,45,60,45,55,25,45,275,1,1,3,0,0,0,0,0,0,False
herdier,5,65,80,65,60,35,65,370,1,1,3,0,0,0,0,0,0,False
stoutland,5,85,110,90,80,45,90,500,1,1,3,0,0,0,0,0,0,False
purrloin,5,41,50,37,66,50,37,281,1,3,2,0,0,0,0,0,0,False
liepard,5,64,88,50,106,88,50,446,1,3,2,0,0,0,0,0,0,False
pansage,5,50,53,48,64,53,48,316,1,5,2,0,0,0,0,0,0,False
simisage,5,75,98,63,101,98,63,498,1,5,2,0,0,0,0,0,0,False
pansear,5,50,53,48,64,53,48,316,1,3,2,0,0,0,0,1,0,False
simisear,5,75,98,63,101,98,63,498,1,3,2,0,0,0,0,1,0,False
panpour,5,50,53,48,64,53,48,316,1,2,2,0,0,0,0,0,0,False
simipour,5,75,98,63,101,98,63,498,1,2,2,0,0,0,0,0,0,False
munna,5,76,25,45,24,67,55,292,1,3,2,0,0,1,0,0,0,False
musharna,5,116,55,85,29,107,95,487,1,3,2,0,0,1,0,0,0,False
pidove,5,50,55,50,43,36,30,264,2,4,3,0,0,0,0,0,0,False
tranquill,5,62,77,62,65,50,42,358,2,4,3,0,0,0,0,0,0,False
unfezant,5,80,115,80,93,65,55,488,2,4,3,0,0,0,0,0,0,False
blitzle,5,45,60,32,76,50,32,295,1,1,2,0,0,0,0,0,1,False
zebstrika,5,75,100,63,116,80,63,497,1,1,2,0,0,0,0,0,1,False
roggenrola,5,55,75,85,15,25,25,280,1,5,3,0,0,0,0,0,0,False
boldore,5,70,105,105,20,50,40,390,1,5,3,0,0,0,0,0,0,False
gigalith,5,85,135,130,25,60,80,515,1,5,3,0,0,0,0,0,0,False
woobat,5,65,45,43,72,55,43,323,2,6,2,0,0,1,0,0,0,False
swoobat,5,67,57,55,114,77,55,425,2,6,2,0,0,1,0,0,0,False
drilbur,5,60,85,40,68,30,45,328,1,3,2,0,0,0,0,0,0,False
excadrill,5,110,135,60,88,50,65,508,2,6,2,0,0,0,0,0,0,False
audino,5,103,60,86,50,60,86,445,1,1,1,1,0,0,0,0,0,False
timburr,5,75,80,55,35,25,35,305,1,3,3,0,0,0,0,0,0,False
gurdurr,5,85,105,85,40,40,50,405,1,3,3,0,0,0,0,0,0,False
conkeldurr,5,105,140,95,45,55,65,505,1,3,3,0,0,0,0,0,0,False
tympole,5,50,50,40,64,50,40,294,1,2,3,0,0,0,0,0,0,False
palpitoad,5,75,65,55,69,65,55,384,2,4,3,0,0,0,0,0,0,False
seismitoad,5,105,95,75,74,85,75,509,2,4,3,0,0,0,0,0,0,False
throh,5,120,100,85,45,30,85,465,1,3,1,1,0,0,0,0,0,False
sawk,5,75,125,75,85,30,75,465,1,3,1,1,0,0,0,0,0,False
sewaddle,5,45,53,70,42,40,60,310,2,6,3,0,0,0,0,0,0,False
swadloon,5,55,63,90,42,50,80,380,2,6,3,0,0,0,0,0,0,False
leavanny,5,75,103,80,92,70,80,500,2,6,3,0,0,0,0,0,0,False
venipede,5,30,45,59,57,30,39,260,2,5,3,0,0,0,0,0,0,False
whirlipede,5,40,55,99,47,40,79,360,2,5,3,0,0,0,0,0,0,False
scolipede,5,60,100,89,112,55,69,485,2,5,3,0,0,0,0,0,0,False
cottonee,5,40,27,60,66,37,50,280,2,6,2,0,0,0,1,0,0,False
whimsicott,5,60,67,85,116,77,75,480,2,6,2,0,0,0,1,0,0,False
petilil,5,45,35,50,30,70,50,280,1,5,2,0,0,0,0,0,0,False
lilligant,5,70,60,75,90,110,75,480,1,5,2,0,0,0,0,0,0,False
basculin-red-striped,5,70,92,65,98,80,55,460,1,2,2,0,0,0,0,0,0,False
sandile,5,50,72,35,65,35,35,292,2,6,3,0,0,0,0,0,0,False
krokorok,5,60,82,45,74,45,45,351,2,6,3,0,0,0,0,0,0,False
krookodile,5,95,117,80,92,65,70,519,2,6,3,0,0,0,0,0,0,False
darumaka,5,70,90,45,50,15,45,315,1,3,2,0,0,0,0,1,0,False
darmanitan-standard,5,105,140,55,95,30,55,480,1,3,2,0,0,0,0,1,0,False
maractus,5,75,86,67,60,106,67,461,1,5,1,1,0,0,0,0,0,False
dwebble,5,50,65,85,55,35,35,325,2,8,2,0,0,0,0,0,0,False
crustle,5,70,105,125,45,65,75,485,2,8,2,0,0,0,0,0,0,False
scraggy,5,50,75,70,48,35,70,348,2,5,2,0,0,0,0,0,0,False
scrafty,5,65,90,115,58,45,115,488,2,5,2,0,0,0,0,0,0,False
sigilyph,5,72,58,80,97,103,80,490,2,6,1,1,0,1,0,0,0,False
yamask,5,38,30,85,30,55,65,303,1,2,2,0,0,0,0,0,0,False
cofagrigus,5,58,50,145,30,95,105,483,1,2,2,0,0,0,0,0,0,False
tirtouga,5,54,78,103,22,53,45,355,2,6,2,0,0,0,0,0,0,False
carracosta,5,74,108,133,32,83,65,495,2,6,2,0,0,0,0,0,0,False
archen,5,55,112,45,70,74,45,401,2,8,2,0,0,0,0,0,0,False
archeops,5,75,140,65,110,112,65,567,2,8,2,0,0,0,0,0,0,False
trubbish,5,50,50,62,65,40,62,329,1,2,2,0,0,0,0,0,0,False
garbodor,5,80,95,82,75,60,82,474,1,2,2,0,0,0,0,0,0,False
zorua,5,40,65,40,65,80,40,330,1,3,2,0,0,0,0,0,0,False
zoroark,5,60,105,60,105,120,60,510,1,3,2,0,0,0,0,0,0,False
minccino,5,55,50,40,75,40,40,300,1,1,2,0,0,0,0,0,0,False
cinccino,5,75,95,60,115,65,60,470,1,1,2,0,0,0,0,0,0,False
gothita,5,45,30,50,45,55,65,290,1,3,3,0,0,1,0,0,0,False
gothorita,5,60,45,70,55,75,85,390,1,3,3,0,0,1,0,0,0,False
gothitelle,5,70,55,95,65,95,110,490,1,3,3,0,0,1,0,0,0,False
solosis,5,45,30,40,20,105,50,290,1,3,3,0,0,1,0,0,0,False
duosion,5,65,40,50,30,125,60,370,1,3,3,0,0,1,0,0,0,False
reuniclus,5,110,65,75,30,125,85,490,1,3,3,0,0,1,0,0,0,False
ducklett,5,62,44,50,55,44,50,305,2,4,2,0,0,0,0,0,0,False
swanna,5,75,87,63,98,87,63,473,2,4,2,0,0,0,0,0,0,False
vanillite,5,36,50,50,44,65,60,305,1,4,3,0,0,0,0,0,0,False
vanillish,5,51,65,65,59,80,75,395,1,4,3,0,0,0,0,0,0,False
vanilluxe,5,71,95,85,79,110,95,535,1,4,3,0,0,0,0,0,0,False
deerling,5,60,60,50,75,40,50,335,2,6,2,0,0,0,0,0,0,False
sawsbuck,5,80,100,70,95,60,70,475,2,6,2,0,0,0,0,0,0,False
emolga,5,55,75,60,103,75,60,428,2,4,1,1,0,0,0,0,1,False
karrablast,5,50,75,45,60,40,45,315,1,3,2,0,0,0,0,0,0,False
escavalier,5,70,135,105,20,60,105,495,2,5,2,0,0,0,0,0,0,False
foongus,5,69,55,45,15,55,55,294,2,7,2,0,0,0,0,0,0,False
amoonguss,5,114,85,70,30,85,80,464,2,7,2,0,0,0,0,0,0,False
frillish,5,55,40,50,40,65,85,335,2,4,2,0,0,0,0,0,0,False
jellicent,5,100,60,70,60,85,105,480,2,4,2,0,0,0,0,0,0,False
alomomola,5,165,75,80,65,40,45,470,1,2,1,1,0,0,0,0,0,False
joltik,5,50,47,50,65,57,50,319,2,4,2,0,0,0,0,0,1,False
galvantula,5,70,77,60,108,97,60,472,2,4,2,0,0,0,0,0,1,False
ferroseed,5,44,50,91,10,24,86,305,2,7,2,0,0,0,0,0,0,False
ferrothorn,5,74,94,131,20,54,116,489,2,7,2,0,0,0,0,0,0,False
klink,5,40,55,70,30,45,60,300,1,3,3,0,0,0,0,0,0,False
klang,5,60,80,95,50,70,85,440,1,3,3,0,0,0,0,0,0,False
klinklang,5,60,100,115,90,70,85,520,1,3,3,0,0,0,0,0,0,False
tynamo,5,35,55,40,60,45,40,275,1,1,3,0,0,0,0,0,1,False
eelektrik,5,65,85,70,40,75,70,405,1,1,3,0,0,0,0,0,1,False
eelektross,5,85,115,80,50,105,80,515,1,1,3,0,0,0,0,0,1,False
elgyem,5,55,55,55,30,85,55,335,1,3,2,0,0,1,0,0,0,False
beheeyem,5,75,75,75,40,125,95,485,1,3,2,0,0,1,0,0,0,False
litwick,5,50,30,55,20,65,55,275,2,5,3,0,0,0,0,1,0,False
lampent,5,60,40,60,55,95,60,370,2,5,3,0,0,0,0,1,0,False
chandelure,5,60,55,90,80,145,90,520,2,5,3,0,0,0,0,1,0,False
axew,5,46,87,60,57,30,40,320,1,3,3,0,1,0,0,0,0,False
fraxure,5,66,117,70,67,40,50,410,1,3,3,0,1,0,0,0,0,False
haxorus,5,76,147,90,97,60,70,540,1,3,3,0,1,0,0,0,0,False
cubchoo,5,55,70,40,40,60,40,305,1,4,2,0,0,0,0,0,0,False
beartic,5,95,130,80,50,70,80,505,1,4,2,0,0,0,0,0,0,False
cryogonal,5,80,50,50,105,95,135,515,1,4,1,1,0,0,0,0,0,False
shelmet,5,50,40,85,25,40,65,305,1,3,2,0,0,0,0,0,0,False
accelgor,5,80,70,40,145,100,60,495,1,3,2,0,0,0,0,0,0,False
stunfisk,5,109,66,84,32,81,99,471,2,4,1,1,0,0,0,0,1,False
mienfoo,5,45,85,50,65,55,50,350,1,3,2,0,0,0,0,0,0,False
mienshao,5,65,125,60,105,95,60,510,1,3,2,0,0,0,0,0,0,False
druddigon,5,77,120,90,48,60,90,485,1,3,1,1,1,0,0,0,0,False
golett,5,59,74,50,35,35,50,303,2,5,2,0,0,0,0,0,0,False
golurk,5,89,124,80,55,55,80,483,2,5,2,0,0,0,0,0,0,False
pawniard,5,45,85,70,60,40,40,340,2,5,3,0,0,0,0,0,0,False
bisharp,5,65,125,100,70,60,70,490,2,5,3,0,0,0,0,0,0,False
bouffalant,5,95,110,95,55,40,95,490,1,1,1,1,0,0,0,0,0,False
rufflet,5,70,83,50,60,37,50,350,2,4,2,0,0,0,0,0,0,False
braviary,5,100,123,75,80,57,75,510,2,4,2,0,0,0,0,0,0,False
vullaby,5,70,55,75,60,45,65,370,2,6,2,0,0,0,0,0,0,False
mandibuzz,5,110,65,105,80,55,95,510,2,6,2,0,0,0,0,0,0,False
heatmor,5,85,97,66,65,105,66,484,1,3,1,1,0,0,0,1,0,False
durant,5,58,109,112,109,48,48,484,2,5,1,1,0,0,0,0,0,False
deino,5,52,65,50,38,45,50,300,2,5,3,0,1,0,0,0,0,False
zweilous,5,72,85,70,58,65,70,420,2,5,3,0,1,0,0,0,0,False
hydreigon,5,92,105,90,98,125,90,600,2,5,3,0,1,0,0,0,0,False
larvesta,5,55,85,55,60,50,55,360,2,5,2,0,0,0,0,1,0,False
volcarona,5,85,60,65,100,135,105,550,2,5,2,0,0,0,0,1,0,False
cobalion,5,91,90,129,108,90,72,580,2,6,1,1,0,0,0,0,0,True
terrakion,5,91,129,90,108,72,90,580,2,8,1,1,0,0,0,0,0,True
virizion,5,91,90,72,108,90,129,580,2,7,1,1,0,0,0,0,0,True
tornadus-incarnate,5,79,115,70,111,125,80,580,1,3,1,1,0,0,0,0,0,True
thundurus-incarnate,5,79,115,70,111,125,80,580,2,4,1,1,0,0,0,0,1,True
reshiram,5,100,120,100,90,150,120,680,2,6,1,1,1,0,0,1,0,True
zekrom,5,100,150,120,90,120,100,680,2,4,1,1,1,0,0,0,1,True
landorus-incarnate,5,89,125,90,101,115,80,600,2,5,1,1,0,0,0,0,0,True
kyurem,5,125,130,90,95,130,90,660,2,7,1,1,1,0,0,0,0,True
keldeo-ordinary,5,91,72,90,108,129,90,580,2,5,1,1,0,0,0,0,0,False
meloetta-aria,5,100,77,77,90,128,128,600,2,4,1,1,0,1,0,0,0,False
genesect,5,71,120,95,99,120,95,600,2,5,1,1,0,0,0,0,0,False
chespin,6,56,61,65,38,48,45,313,1,5,3,0,0,0,0,0,0,False
quilladin,6,61,78,95,57,56,58,405,1,5,3,0,0,0,0,0,0,False
chesnaught,6,88,107,122,64,74,75,530,2,7,3,0,0,0,0,0,0,False
fennekin,6,40,45,40,60,62,60,307,1,3,3,0,0,0,0,1,0,False
braixen,6,59,59,58,73,90,70,409,1,3,3,0,0,0,0,1,0,False
delphox,6,75,69,72,104,114,100,534,2,6,3,0,0,1,0,1,0,False
froakie,6,41,56,40,71,62,44,314,1,2,3,0,0,0,0,0,0,False
frogadier,6,54,63,52,97,83,56,405,1,2,3,0,0,0,0,0,0,False
greninja,6,72,95,67,122,103,71,530,2,5,3,0,0,0,0,0,0,False
bunnelby,6,38,36,38,57,32,36,237,1,1,2,0,0,0,0,0,0,False
diggersby,6,85,56,77,78,50,77,423,2,4,2,0,0,0,0,0,0,False
fletchling,6,45,50,43,62,40,38,278,2,4,3,0,0,0,0,0,0,False
fletchinder,6,62,73,55,84,56,52,382,2,5,3,0,0,0,0,1,0,False
talonflame,6,78,81,71,126,74,69,499,2,5,3,0,0,0,0,1,0,False
scatterbug,6,38,35,40,35,27,25,200,1,3,3,0,0,0,0,0,0,False
spewpa,6,45,22,60,29,27,30,213,1,3,3,0,0,0,0,0,0,False
vivillon,6,80,52,50,89,90,50,411,2,5,3,0,0,0,0,0,0,False
litleo,6,62,50,58,72,73,54,369,2,4,2,0,0,0,0,1,0,False
pyroar,6,86,68,72,106,109,66,507,2,4,2,0,0,0,0,1,0,False
flabebe,6,44,38,39,42,61,79,303,1,2,3,0,0,0,1,0,0,False
floette,6,54,45,47,52,75,98,371,1,2,3,0,0,0,1,0,0,False
florges,6,78,65,68,75,112,154,552,1,2,3,0,0,0,1,0,0,False
skiddo,6,66,65,48,52,62,57,350,1,5,2,0,0,0,0,0,0,False
gogoat,6,123,100,62,68,97,81,531,1,5,2,0,0,0,0,0,0,False
pancham,6,67,82,62,43,46,48,348,1,3,2,0,0,0,0,0,0,False
pangoro,6,95,124,78,58,69,71,495,2,5,2,0,0,0,0,0,0,False
furfrou,6,75,80,60,102,65,90,472,1,1,1,1,0,0,0,0,0,False
espurr,6,62,48,54,68,63,60,355,1,3,2,0,0,1,0,0,0,False
meowstic-male,6,74,48,76,104,83,81,466,1,3,2,0,0,1,0,0,0,False
honedge,6,45,80,100,28,35,37,325,2,5,3,0,0,0,0,0,0,False
doublade,6,59,110,150,35,45,49,448,2,5,3,0,0,0,0,0,0,False
aegislash-shield,6,60,50,140,60,50,140,500,2,5,3,0,0,0,0,0,0,False
spritzee,6,78,52,60,23,63,65,341,1,2,2,0,0,0,1,0,0,False
aromatisse,6,101,72,72,29,99,89,462,1,2,2,0,0,0,1,0,0,False
swirlix,6,62,48,66,49,59,57,341,1,2,2,0,0,0,1,0,0,False
slurpuff,6,82,80,86,72,85,75,480,1,2,2,0,0,0,1,0,0,False
inkay,6,53,54,53,45,37,46,288,2,5,2,0,0,1,0,0,0,False
malamar,6,86,92,88,73,68,75,482,2,5,2,0,0,1,0,0,0,False
binacle,6,42,52,67,50,39,56,306,2,6,2,0,0,0,0,0,0,False
barbaracle,6,72,105,115,68,54,86,500,2,6,2,0,0,0,0,0,0,False
skrelp,6,50,60,60,30,60,60,320,2,4,2,0,0,0,0,0,0,False
dragalge,6,65,75,90,44,97,123,494,2,5,2,0,1,0,0,0,0,False
clauncher,6,50,53,62,44,58,63,330,1,2,2,0,0,0,0,0,0,False
clawitzer,6,71,73,88,59,120,89,500,1,2,2,0,0,0,0,0,0,False
helioptile,6,44,38,33,70,61,43,289,2,2,2,0,0,0,0,0,1,False
heliolisk,6,62,55,52,109,109,94,481,2,2,2,0,0,0,0,0,1,False
tyrunt,6,58,89,77,48,45,45,362,2,8,2,0,1,0,0,0,0,False
tyrantrum,6,82,121,119,71,69,59,521,2,8,2,0,1,0,0,0,0,False
amaura,6,77,59,50,46,67,63,362,2,7,2,0,0,0,0,0,0,False
aurorus,6,123,77,72,58,99,92,521,2,7,2,0,0,0,0,0,0,False
sylveon,6,95,65,65,60,110,130,525,1,2,2,0,0,0,1,0,0,False
hawlucha,6,78,92,75,118,74,63,500,2,6,1,1,0,0,0,0,0,False
dedenne,6,67,58,57,101,81,67,431,2,3,1,1,0,0,1,0,1,False
carbink,6,50,50,150,50,50,150,500,2,6,1,1,0,0,1,0,0,False
goomy,6,45,50,35,40,55,75,300,1,3,3,0,1,0,0,0,0,False
sliggoo,6,68,75,53,60,83,113,452,1,3,3,0,1,0,0,0,0,False
goodra,6,90,100,70,80,110,150,600,1,3,3,0,1,0,0,0,0,False
klefki,6,57,80,91,75,80,87,470,2,5,1,1,0,0,1,0,0,False
phantump,6,43,70,48,38,50,60,309,2,7,2,0,0,0,0,0,0,False
trevenant,6,85,110,76,56,65,82,474,2,7,2,0,0,0,0,0,0,False
pumpkaboo-average,6,49,66,70,51,44,55,335,2,7,2,0,0,0,0,0,0,False
gourgeist-average,6,65,90,122,84,58,75,494,2,7,2,0,0,0,0,0,0,False
bergmite,6,55,69,85,28,32,35,304,1,4,2,0,0,0,0,0,0,False
avalugg,6,95,117,184,28,44,46,514,1,4,2,0,0,0,0,0,0,False
noibat,6,40,30,35,55,45,40,245,2,5,2,0,1,0,0,0,0,False
noivern,6,85,70,80,123,97,80,535,2,5,2,0,1,0,0,0,0,False
xerneas,6,126,131,95,99,131,98,680,1,2,1,1,0,0,1,0,0,True
yveltal,6,126,131,95,99,131,98,680,2,6,1,1,0,0,0,0,0,True
zygarde-50,6,108,100,121,95,81,95,600,2,5,1,1,1,0,0,0,0,True
diancie,6,50,100,150,50,100,150,600,2,6,1,1,0,0,1,0,0,False
hoopa,6,80,110,60,70,150,130,600,2,3,1,1,0,1,0,0,0,False
volcanion,6,80,110,120,70,130,90,600,2,5,1,1,0,0,0,1,0,False
rowlet,7,68,55,55,42,50,50,320,2,7,3,0,0,0,0,0,0,False
dartrix,7,78,75,75,52,70,70,420,2,7,3,0,0,0,0,0,0,False
decidueye,7,78,107,75,70,100,100,530,2,7,3,0,0,0,0,0,0,False
litten,7,45,65,40,70,60,40,320,1,3,3,0,0,0,0,1,0,False
torracat,7,65,85,50,90,80,50,420,1,3,3,0,0,0,0,1,0,False
incineroar,7,95,115,90,60,80,90,530,2,6,3,0,0,0,0,1,0,False
popplio,7,50,54,54,40,66,56,320,1,2,3,0,0,0,0,0,0,False
brionne,7,60,69,69,50,91,81,420,1,2,3,0,0,0,0,0,0,False
primarina,7,80,74,74,60,126,116,530,2,4,3,0,0,0,1,0,0,False
pikipek,7,35,75,30,65,30,30,265,2,4,3,0,0,0,0,0,0,False
trumbeak,7,55,85,50,75,40,50,355,2,4,3,0,0,0,0,0,0,False
toucannon,7,80,120,75,60,75,75,485,2,4,3,0,0,0,0,0,0,False
yungoos,7,48,70,30,45,30,30,253,1,1,2,0,0,0,0,0,0,False
gumshoos,7,88,110,60,45,55,60,418,1,1,2,0,0,0,0,0,0,False
grubbin,7,47,62,45,46,55,45,300,1,3,3,0,0,0,0,0,0,False
charjabug,7,57,82,95,36,55,75,400,2,4,3,0,0,0,0,0,1,False
vikavolt,7,77,70,90,43,145,75,500,2,4,3,0,0,0,0,0,1,False
crabrawler,7,47,82,57,63,42,47,338,1,3,2,0,0,0,0,0,0,False
crabominable,7,97,132,77,43,62,67,478,2,7,2,0,0,0,0,0,0,False
oricorio-baile,7,75,70,70,93,98,70,476,2,5,1,1,0,0,0,1,0,False
cutiefly,7,40,45,40,84,55,40,304,2,5,2,0,0,0,1,0,0,False
ribombee,7,60,55,60,124,95,70,464,2,5,2,0,0,0,1,0,0,False
rockruff,7,45,65,40,60,30,40,280,1,5,2,0,0,0,0,0,0,False
lycanroc-midday,7,75,115,65,112,55,65,487,1,5,2,0,0,0,0,0,0,False
wishiwashi-solo,7,45,20,20,40,25,25,175,1,2,1,1,0,0,0,0,0,False
mareanie,7,50,53,62,45,43,52,305,2,4,2,0,0,0,0,0,0,False
toxapex,7,50,63,152,35,53,142,495,2,4,2,0,0,0,0,0,0,False
mudbray,7,70,100,70,45,45,55,385,1,3,2,0,0,0,0,0,0,False
mudsdale,7,100,125,100,35,55,85,500,1,3,2,0,0,0,0,0,0,False
dewpider,7,38,40,52,27,40,72,269,2,5,2,0,0,0,0,0,0,False
araquanid,7,68,70,92,42,50,132,454,2,5,2,0,0,0,0,0,0,False
fomantis,7,40,55,35,35,50,35,250,1,5,2,0,0,0,0,0,0,False
lurantis,7,70,105,90,45,80,90,480,1,5,2,0,0,0,0,0,0,False
morelull,7,40,35,55,15,65,75,285,2,6,2,0,0,0,1,0,0,False
shiinotic,7,60,45,80,30,90,100,405,2,6,2,0,0,0,1,0,0,False
salandit,7,48,44,40,77,71,40,320,2,4,2,0,0,0,0,1,0,False
salazzle,7,68,64,60,117,111,60,480,2,4,2,0,0,0,0,1,0,False
stufful,7,70,75,50,50,45,50,340,2,4,2,0,0,0,0,0,0,False
bewear,7,120,125,80,60,55,60,500,2,4,2,0,0,0,0,0,0,False
bounsweet,7,42,30,38,32,30,38,210,1,5,3,0,0,0,0,0,0,False
steenee,7,52,40,48,62,40,48,290,1,5,3,0,0,0,0,0,0,False
tsareena,7,72,120,98,72,50,98,510,1,5,3,0,0,0,0,0,0,False
comfey,7,51,52,90,100,82,110,485,1,2,1,1,0,0,1,0,0,False
oranguru,7,90,60,80,60,90,110,490,2,4,1,1,0,1,0,0,0,False
passimian,7,100,120,90,80,40,60,490,1,3,1,1,0,0,0,0,0,False
wimpod,7,25,35,40,80,20,30,230,2,5,2,0,0,0,0,0,0,False
golisopod,7,75,125,140,40,60,90,530,2,5,2,0,0,0,0,0,0,False
sandygast,7,55,55,80,15,70,45,320,2,5,2,0,0,0,0,0,0,False
palossand,7,85,75,110,35,100,75,480,2,5,2,0,0,0,0,0,0,False
pyukumuku,7,55,60,130,5,30,130,410,1,2,1,1,0,0,0,0,0,False
type-null,7,95,95,95,59,95,95,534,1,1,2,0,0,0,0,0,0,False
silvally,7,95,95,95,95,95,95,570,1,1,2,0,0,0,0,0,0,True
minior-red-meteor,7,60,60,100,60,60,100,440,2,8,1,1,0,0,0,0,0,False
komala,7,65,115,65,65,75,95,480,1,1,1,1,0,0,0,0,0,False
turtonator,7,60,78,135,36,91,85,485,2,6,1,1,1,0,0,1,0,False
togedemaru,7,65,98,63,96,40,73,435,2,3,1,1,0,0,0,0,1,False
mimikyu-disguised,7,55,90,80,96,50,105,476,2,4,1,1,0,0,1,0,0,False
bruxish,7,68,105,70,92,70,70,475,2,5,1,1,0,1,0,0,0,False
drampa,7,78,60,85,36,135,91,485,2,4,1,1,1,0,0,0,0,False
dhelmise,7,70,131,100,40,86,90,517,2,7,1,1,0,0,0,0,0,False
jangmo-o,7,45,55,65,45,45,45,300,1,3,3,0,1,0,0,0,0,False
hakamo-o,7,55,75,90,65,65,70,420,2,5,3,0,1,0,0,0,0,False
kommo-o,7,75,110,125,85,100,105,600,2,5,3,0,1,0,0,0,0,False
tapu-koko,7,70,115,85,130,95,75,570,2,3,1,1,0,0,1,0,1,True
tapu-lele,7,70,85,75,95,130,115,570,2,5,1,1,0,1,1,0,0,True
tapu-bulu,7,70,130,115,75,85,95,570,2,6,1,1,0,0,1,0,0,True
tapu-fini,7,70,75,115,85,95,130,570,2,4,1,1,0,0,1,0,0,True
cosmog,7,43,29,31,37,29,31,200,1,3,3,0,0,1,0,0,0,True
cosmoem,7,43,29,131,37,29,131,400,1,3,3,0,0,1,0,0,0,True
solgaleo,7,137,137,107,97,113,89,680,2,6,3,0,0,1,0,0,0,True
lunala,7,137,113,89,97,137,107,680,2,3,3,0,0,1,0,0,0,True
nihilego,7,109,53,47,103,127,131,570,2,6,1,1,0,0,0,0,0,False
buzzwole,7,107,139,139,79,53,53,570,2,5,1,1,0,0,0,0,0,False
pheromosa,7,71,137,37,151,137,37,570,2,5,1,1,0,0,0,0,0,False
xurkitree,7,83,89,71,83,173,71,570,1,1,1,1,0,0,0,0,1,False
celesteela,7,97,101,103,61,107,101,570,2,6,1,1,0,0,0,0,0,False
kartana,7,59,181,131,109,59,31,570,2,7,1,1,0,0,0,0,0,False
guzzlord,7,223,101,53,43,97,53,570,2,5,1,1,1,0,0,0,0,False
necrozma,7,97,107,101,79,127,89,600,1,3,1,1,0,1,0,0,0,True
magearna,7,80,95,115,65,130,115,600,2,5,1,1,0,0,1,0,0,False
marshadow,7,90,125,80,125,90,90,600,2,5,1,1,0,0,0,0,0,False
poipole,7,67,73,67,73,73,67,420,1,2,2,0,0,0,0,0,0,False
naganadel,7,73,73,73,121,127,73,540,2,5,2,0,1,0,0,0,0,False
stakataka,7,61,131,211,13,53,101,570,2,6,1,1,0,0,0,0,0,False
blacephalon,7,53,127,53,107,151,79,570,2,5,1,1,0,0,0,1,0,False
zeraora,7,88,112,75,143,102,80,600,1,1,1,1,0,0,0,0,1,False
meltan,7,46,65,65,34,55,35,300,1,3,1,1,0,0,0,0,0,False
melmetal,7,135,143,143,34,80,65,600,1,3,1,1,0,0,0,0,0,False
grookey,8,50,65,50,65,40,40,310,1,5,3,0,0,0,0,0,0,False
thwackey,8,70,85,70,80,55,60,420,1,5,3,0,0,0,0,0,0,False
rillaboom,8,100,125,90,85,60,70,530,1,5,3,0,0,0,0,0,0,False
scorbunny,8,50,71,40,69,40,40,310,1,3,3,0,0,0,0,1,0,False
raboot,8,65,86,60,94,55,60,420,1,3,3,0,0,0,0,1,0,False
cinderace,8,80,116,75,119,65,75,530,1,3,3,0,0,0,0,1,0,False
sobble,8,50,40,40,70,70,40,310,1,2,3,0,0,0,0,0,0,False
drizzile,8,65,60,55,90,95,55,420,1,2,3,0,0,0,0,0,0,False
inteleon,8,70,85,65,120,125,65,530,1,2,3,0,0,0,0,0,0,False
skwovet,8,70,55,55,25,35,35,275,1,1,2,0,0,0,0,0,0,False
greedent,8,120,95,95,20,55,75,460,1,1,2,0,0,0,0,0,0,False
rookidee,8,38,47,35,57,33,35,245,1,3,3,0,0,0,0,0,0,False
corvisquire,8,68,67,55,77,43,55,365,1,3,3,0,0,0,0,0,0,False
corviknight,8,98,87,105,67,53,85,495,2,6,3,0,0,0,0,0,0,False
blipbug,8,25,20,20,45,25,45,180,1,3,3,0,0,0,0,0,0,False
dottler,8,50,35,80,30,50,90,335,2,6,3,0,0,1,0,0,0,False
orbeetle,8,60,45,110,90,80,120,505,2,6,3,0,0,1,0,0,0,False
nickit,8,40,28,28,50,47,52,245,1,3,2,0,0,0,0,0,0,False
thievul,8,70,58,58,90,87,92,455,1,3,2,0,0,0,0,0,0,False
gossifleur,8,40,40,60,10,40,60,250,1,5,2,0,0,0,0,0,0,False
eldegoss,8,60,50,90,60,80,120,460,1,5,2,0,0,0,0,0,0,False
wooloo,8,42,40,55,48,40,45,270,1,1,2,0,0,0,0,0,0,False
dubwool,8,72,80,100,88,60,90,490,1,1,2,0,0,0,0,0,0,False
chewtle,8,50,64,50,44,38,38,284,1,2,2,0,0,0,0,0,0,False
drednaw,8,90,115,90,74,48,68,485,2,6,2,0,0,0,0,0,0,False
yamper,8,59,45,50,26,40,50,270,1,1,2,0,0,0,0,0,1,False
boltund,8,69,90,60,121,90,60,490,1,1,2,0,0,0,0,0,1,False
rolycoly,8,30,40,50,30,40,50,240,1,5,3,0,0,0,0,0,0,False
carkol,8,80,60,90,50,60,70,410,2,6,3,0,0,0,0,1,0,False
coalossal,8,110,80,120,30,80,90,510,2,6,3,0,0,0,0,1,0,False
applin,8,40,40,80,20,40,40,260,2,7,2,0,1,0,0,0,0,False
flapple,8,70,110,80,70,95,60,485,2,7,2,0,1,0,0,0,0,False
appletun,8,110,85,80,30,100,80,485,2,7,2,0,1,0,0,0,0,False
silicobra,8,52,57,75,46,35,50,315,1,3,2,0,0,0,0,0,0,False
sandaconda,8,72,107,125,71,65,70,510,1,3,2,0,0,0,0,0,0,False
cramorant,8,70,85,55,85,85,95,475,2,4,1,1,0,0,0,0,0,False
arrokuda,8,41,63,40,66,40,30,280,1,2,2,0,0,0,0,0,0,False
barraskewda,8,61,123,60,136,60,50,490,1,2,2,0,0,0,0,0,0,False
toxel,8,40,38,35,40,54,35,242,2,2,2,0,0,0,0,0,1,False
toxtricity-amped,8,75,98,70,75,114,70,502,2,2,2,0,0,0,0,0,1,False
sizzlipede,8,50,65,45,45,50,50,305,2,5,2,0,0,0,0,1,0,False
centiskorch,8,100,115,65,65,90,90,525,2,5,2,0,0,0,0,1,0,False
clobbopus,8,50,68,60,32,50,50,310,1,3,2,0,0,0,0,0,0,False
grapploct,8,80,118,90,42,70,80,480,1,3,2,0,0,0,0,0,0,False
sinistea,8,40,45,45,50,74,54,308,1,2,2,0,0,0,0,0,0,False
polteageist,8,60,65,65,70,134,114,508,1,2,2,0,0,0,0,0,0,False
hatenna,8,42,30,45,39,56,53,265,1,3,3,0,0,1,0,0,0,False
hattrem,8,57,40,65,49,86,73,370,1,3,3,0,0,1,0,0,0,False
hatterene,8,57,90,95,29,136,103,510,2,5,3,0,0,1,1,0,0,False
impidimp,8,45,45,30,50,55,40,265,2,5,3,0,0,0,1,0,0,False
morgrem,8,65,60,45,70,75,55,370,2,5,3,0,0,0,1,0,0,False
grimmsnarl,8,95,120,65,60,95,75,510,2,5,3,0,0,0,1,0,0,False
obstagoon,8,93,90,101,95,60,81,520,2,3,3,0,0,0,0,0,0,False
perrserker,8,70,110,100,50,50,60,440,1,3,2,0,0,0,0,0,0,False
cursola,8,60,95,50,30,145,130,510,1,2,2,0,0,0,0,0,0,False
sirfetchd,8,62,135,95,65,68,82,507,1,3,2,0,0,0,0,0,0,False
mr-rime,8,80,85,75,70,110,100,520,2,7,3,0,0,1,0,0,0,False
runerigus,8,58,95,145,30,50,105,483,2,5,2,0,0,0,0,0,0,False
milcery,8,45,40,40,34,50,61,270,1,2,2,0,0,0,1,0,0,False
alcremie,8,65,60,75,64,110,121,495,1,2,2,0,0,0,1,0,0,False
falinks,8,65,100,100,75,70,60,470,1,3,1,1,0,0,0,0,0,False
pincurchin,8,48,101,95,15,91,85,435,1,1,1,1,0,0,0,0,1,False
snom,8,30,25,35,20,45,30,185,2,5,2,0,0,0,0,0,0,False
frosmoth,8,70,65,60,65,125,90,475,2,5,2,0,0,0,0,0,0,False
stonjourner,8,100,125,135,70,20,20,470,1,5,1,1,0,0,0,0,0,False
eiscue-ice,8,75,80,110,50,65,90,470,1,4,1,1,0,0,0,0,0,False
indeedee-male,8,60,65,55,95,105,95,475,2,4,1,1,0,1,0,0,0,False
morpeko-full-belly,8,58,95,58,97,70,58,436,2,4,1,1,0,0,0,0,1,False
cufant,8,72,80,49,40,40,49,330,1,3,2,0,0,0,0,0,0,False
copperajah,8,122,130,69,30,80,69,500,1,3,2,0,0,0,0,0,0,False
dracozolt,8,90,100,90,75,80,70,505,2,4,1,1,1,0,0,0,1,False
arctozolt,8,90,100,90,55,90,80,505,2,5,1,1,0,0,0,0,1,False
dracovish,8,90,90,100,75,70,80,505,2,5,1,1,1,0,0,0,0,False
arctovish,8,90,90,100,55,80,90,505,2,6,1,1,0,0,0,0,0,False
duraludon,8,70,95,115,85,120,50,535,2,6,2,0,1,0,0,0,0,False
dreepy,8,28,60,30,82,40,30,270,2,5,3,0,1,0,0,0,0,False
drakloak,8,68,80,50,102,60,50,410,2,5,3,0,1,0,0,0,0,False
dragapult,8,88,120,75,142,100,75,600,2,5,3,0,1,0,0,0,0,False
zacian,8,92,120,115,138,80,115,660,1,2,1,1,0,0,1,0,0,True
zamazenta,8,92,120,115,138,80,115,660,1,3,1,1,0,0,0,0,0,True
eternatus,8,140,85,95,130,145,95,690,2,5,1,1,1,0,0,0,0,True
kubfu,8,60,90,60,72,53,50,385,1,3,2,0,0,0,0,0,0,True
urshifu-single-strike,8,100,130,100,97,63,60,550,2,5,2,0,0,0,0,0,0,True
zarude,8,105,120,105,105,70,95,600,2,7,1,1,0,0,0,0,0,False
regieleki,8,80,100,50,200,100,50,580,1,1,1,1,0,0,0,0,1,True
regidrago,8,200,100,50,80,100,50,580,1,3,1,1,1,0,0,0,0,True
glastrier,8,100,145,130,30,65,110,580,1,4,1,1,0,0,0,0,0,True
spectrier,8,100,65,60,130,145,80,580,1,2,1,1,0,0,0,0,0,True
calyrex,8,100,80,80,80,80,80,500,2,7,1,1,0,1,0,0,0,True
wyrdeer,8,103,105,72,65,105,75,525,2,4,2,0,0,1,0,0,0,False
kleavor,8,70,135,95,85,45,70,500,2,8,2,0,0,0,0,0,0,False
ursaluna,8,130,140,105,50,45,80,550,2,4,3,0,0,0,0,0,0,False
basculegion-male,8,120,112,65,78,80,75,530,2,4,2,0,0,0,0,0,0,False
sneasler,8,80,130,60,120,40,80,510,2,4,2,0,0,0,0,0,0,False
overqwil,8,85,115,95,85,65,65,510,2,5,2,0,0,0,0,0,0,False
enamorus-incarnate,8,74,115,70,106,135,80,580,2,5,1,1,0,0,1,0,0,True
sprigatito,9,40,61,54,65,45,45,310,1,5,3,0,0,0,0,0,0,False
floragato,9,61,80,63,83,60,63,410,1,5,3,0,0,0,0,0,0,False
meowscarada,9,76,110,70,123,81,70,530,2,7,3,0,0,0,0,0,0,False
fuecoco,9,67,45,59,36,63,40,310,1,3,3,0,0,0,0,1,0,False
crocalor,9,81,55,78,49,90,58,411,1,3,3,0,0,0,0,1,0,False
skeledirge,9,104,75,100,66,110,75,530,2,5,3,0,0,0,0,1,0,False
quaxly,9,55,65,45,50,50,45,310,1,2,3,0,0,0,0,0,0,False
quaxwell,9,70,85,65,65,65,60,410,1,2,3,0,0,0,0,0,0,False
quaquaval,9,85,120,80,85,85,75,530,2,5,3,0,0,0,0,0,0,False
lechonk,9,54,45,40,35,35,45,254,1,1,2,0,0,0,0,0,0,False
oinkologne-male,9,110,100,75,65,59,80,489,1,1,2,0,0,0,0,0,0,False
tarountula,9,35,41,45,20,29,40,210,1,3,2,0,0,0,0,0,0,False
spidops,9,60,79,92,35,52,86,404,1,3,2,0,0,0,0,0,0,False
nymble,9,33,46,40,45,21,25,210,1,3,2,0,0,0,0,0,0,False
lokix,9,71,102,78,92,52,55,450,2,6,2,0,0,0,0,0,0,False
pawmi,9,45,50,20,60,40,25,240,1,1,3,0,0,0,0,0,1,False
pawmo,9,60,75,40,85,50,40,350,2,4,3,0,0,0,0,0,1,False
pawmot,9,70,115,70,105,70,60,490,2,4,3,0,0,0,0,0,1,False
tandemaus,9,50,50,45,75,40,45,305,1,1,2,0,0,0,0,0,0,False
maushold-family-of-four,9,74,75,70,111,65,75,470,1,1,2,0,0,0,0,0,0,False
fidough,9,37,55,70,65,30,55,312,1,2,2,0,0,0,1,0,0,False
dachsbun,9,57,80,115,95,50,80,477,1,2,2,0,0,0,1,0,0,False
smoliv,9,41,35,45,30,58,51,260,2,6,3,0,0,0,0,0,0,False
dolliv,9,52,53,60,33,78,78,354,2,6,3,0,0,0,0,0,0,False
arboliva,9,78,69,90,39,125,109,510,2,6,3,0,0,0,0,0,0,False
squawkabilly-green-plumage,9,82,96,51,92,45,51,417,2,4,1,1,0,0,0,0,0,False
nacli,9,55,55,75,25,35,35,280,1,5,3,0,0,0,0,0,0,False
naclstack,9,60,60,100,35,35,65,355,1,5,3,0,0,0,0,0,0,False
garganacl,9,100,100,130,35,45,90,500,1,5,3,0,0,0,0,0,0,False
charcadet,9,40,50,40,35,50,40,255,1,3,2,0,0,0,0,1,0,False
armarouge,9,85,60,100,75,125,80,525,2,6,2,0,0,1,0,1,0,False
ceruledge,9,75,125,80,85,60,100,525,2,5,2,0,0,0,0,1,0,False
tadbulb,9,61,31,41,45,59,35,272,1,1,2,0,0,0,0,0,1,False
bellibolt,9,109,64,91,45,103,83,495,1,1,2,0,0,0,0,0,1,False
wattrel,9,40,40,35,70,55,40,280,2,4,2,0,0,0,0,0,1,False
kilowattrel,9,70,70,60,125,105,60,490,2,4,2,0,0,0,0,0,1,False
maschiff,9,60,78,60,51,40,51,340,1,3,2,0,0,0,0,0,0,False
mabosstiff,9,80,120,90,85,60,70,505,1,3,2,0,0,0,0,0,0,False
shroodle,9,40,65,35,75,40,35,290,2,3,2,0,0,0,0,0,0,False
grafaiai,9,63,95,65,110,80,72,485,2,3,2,0,0,0,0,0,0,False
bramblin,9,40,65,30,60,45,35,275,2,7,2,0,0,0,0,0,0,False
brambleghast,9,55,115,70,90,80,70,480,2,7,2,0,0,0,0,0,0,False
toedscool,9,40,40,35,70,50,100,335,2,7,2,0,0,0,0,0,0,False
toedscruel,9,80,70,65,100,80,120,515,2,7,2,0,0,0,0,0,0,False
klawf,9,70,100,115,75,35,55,450,1,5,1,1,0,0,0,0,0,False
capsakid,9,50,62,40,50,62,40,304,1,5,2,0,0,0,0,0,0,False
scovillain,9,65,108,65,75,108,65,486,2,8,2,0,0,0,0,1,0,False
rellor,9,41,50,60,30,31,58,270,1,3,2,0,0,0,0,0,0,False
rabsca,9,75,50,85,45,115,100,470,2,6,2,0,0,1,0,0,0,False
flittle,9,30,35,30,75,55,30,255,1,3,2,0,0,1,0,0,0,False
espathra,9,95,60,60,105,101,60,481,1,3,2,0,0,1,0,0,0,False
tinkatink,9,50,45,45,58,35,64,297,2,5,3,0,0,0,1,0,0,False
tinkatuff,9,65,55,55,78,45,82,380,2,5,3,0,0,0,1,0,0,False
tinkaton,9,85,75,77,94,70,105,506,2,5,3,0,0,0,1,0,0,False
wiglett,9,10,55,25,95,35,25,245,1,2,2,0,0,0,0,0,0,False
wugtrio,9,35,100,50,120,50,70,425,1,2,2,0,0,0,0,0,0,False
bombirdier,9,70,103,85,82,60,85,485,2,6,1,1,0,0,0,0,0,False
finizen,9,70,45,40,75,45,40,315,1,2,2,0,0,0,0,0,0,False
palafin-zero,9,100,70,72,100,53,62,457,1,2,2,0,0,0,0,0,0,False
varoom,9,45,70,63,47,30,45,300,2,4,2,0,0,0,0,0,0,False
revavroom,9,80,119,90,90,54,67,500,2,4,2,0,0,0,0,0,0,False
cyclizar,9,70,95,65,121,85,65,501,2,4,1,1,1,0,0,0,0,False
orthworm,9,70,85,145,65,60,55,480,1,3,1,1,0,0,0,0,0,False
glimmet,9,48,35,42,60,105,60,350,2,6,2,0,0,0,0,0,0,False
glimmora,9,83,55,90,86,130,81,525,2,6,2,0,0,0,0,0,0,False
greavard,9,50,61,60,34,30,55,290,1,2,2,0,0,0,0,0,0,False
houndstone,9,72,101,100,68,50,97,488,1,2,2,0,0,0,0,0,0,False
flamigo,9,82,115,74,90,75,64,500,2,6,1,1,0,0,0,0,0,False
cetoddle,9,108,68,45,43,30,40,334,1,4,2,0,0,0,0,0,0,False
cetitan,9,170,113,65,73,45,55,521,1,4,2,0,0,0,0,0,0,False
veluza,9,90,102,73,70,78,65,478,2,5,1,1,0,1,0,0,0,False
dondozo,9,150,100,115,35,65,65,530,1,2,1,1,0,0,0,0,0,False
tatsugiri-curly,9,68,50,60,82,120,95,475,2,5,1,1,1,0,0,0,0,False
annihilape,9,110,115,80,90,50,90,535,2,5,3,0,0,0,0,0,0,False
clodsire,9,130,75,60,20,45,100,430,2,5,2,0,0,0,0,0,0,False
farigiraf,9,120,90,70,60,110,70,520,2,4,2,0,0,1,0,0,0,False
dudunsparce-two-segment,9,125,100,80,55,85,75,520,1,1,2,0,0,0,0,0,0,False
kingambit,9,100,135,120,50,60,85,550,2,5,3,0,0,0,0,0,0,False
great-tusk,9,115,131,131,87,53,53,570,2,6,1,1,0,0,0,0,0,False
scream-tail,9,115,65,99,111,65,115,570,2,5,1,1,0,1,1,0,0,False
brute-bonnet,9,111,127,99,55,79,99,570,2,7,1,1,0,0,0,0,0,False
flutter-mane,9,55,55,55,135,135,135,570,2,4,1,1,0,0,1,0,0,False
slither-wing,9,85,135,79,81,85,105,570,2,5,1,1,0,0,0,0,0,False
sandy-shocks,9,85,81,97,101,121,85,570,2,4,1,1,0,0,0,0,1,False
iron-treads,9,90,112,120,106,72,70,570,2,6,1,1,0,0,0,0,0,False
iron-bundle,9,56,80,114,136,124,60,570,2,6,1,1,0,0,0,0,0,False
iron-hands,9,154,140,108,50,50,68,570,2,4,1,1,0,0,0,0,1,False
iron-jugulis,9,94,80,86,108,122,80,570,2,6,1,1,0,0,0,0,0,False
iron-moth,9,80,70,60,110,140,110,570,2,4,1,1,0,0,0,1,0,False
iron-thorns,9,100,134,110,72,70,84,570,2,5,1,1,0,0,0,0,1,False
frigibax,9,65,75,45,55,35,45,320,2,7,3,0,1,0,0,0,0,False
arctibax,9,90,95,66,62,45,65,423,2,7,3,0,1,0,0,0,0,False
baxcalibur,9,115,145,92,87,75,86,600,2,7,3,0,1,0,0,0,0,False
gimmighoul,9,45,30,70,10,75,70,300,1,2,2,0,0,0,0,0,0,False
gholdengo,9,87,60,95,84,133,91,550,2,5,2,0,0,0,0,0,0,False
wo-chien,9,85,85,100,70,95,135,570,2,7,1,1,0,0,0,0,0,True
chien-pao,9,80,120,80,135,90,65,570,2,6,1,1,0,0,0,0,0,True
ting-lu,9,155,110,125,45,55,80,570,2,6,1,1,0,0,0,0,0,True
chi-yu,9,55,80,80,100,135,120,570,2,6,1,1,0,0,0,1,0,True
roaring-moon,9,105,139,71,119,55,101,590,2,5,1,1,1,0,0,0,0,False
iron-valiant,9,74,130,90,116,120,60,590,2,5,1,1,0,0,1,0,0,False
koraidon,9,100,135,115,135,85,100,670,2,5,1,1,1,0,0,0,0,True
miraidon,9,100,85,100,135,135,115,670,2,4,1,1,1,0,0,0,1,True
walking-wake,9,99,83,91,109,125,83,590,2,5,1,1,1,0,0,0,0,False
iron-leaves,9,90,130,88,104,70,108,590,2,7,1,1,0,1,0,0,0,False
dipplin,9,80,80,110,40,95,80,485,2,7,2,0,1,0,0,0,0,False
poltchageist,9,40,45,45,50,74,54,308,2,7,2,0,0,0,0,0,0,False
sinistcha,9,71,60,106,70,121,80,508,2,7,2,0,0,0,0,0,0,False
okidogi,9,88,128,115,80,58,86,555,2,4,1,1,0,0,0,0,0,True
munkidori,9,88,75,66,106,130,90,555,2,5,1,1,0,1,0,0,0,True
fezandipiti,9,88,91,82,99,70,125,555,2,4,1,1,0,0,1,0,0,True
ogerpon,9,80,120,84,110,60,96,550,1,5,1,1,0,0,0,0,0,True
archaludon,9,90,105,130,85,125,65,600,2,6,2,0,1,0,0,0,0,False
hydrapple,9,106,80,110,44,120,80,540,2,7,2,0,1,0,0,0,0,False
gouging-fire,9,105,115,121,91,65,93,590,2,6,1,1,1,0,0,1,0,False
raging-bolt,9,125,73,91,75,137,89,590,2,4,1,1,1,0,0,0,1,False
iron-boulder,9,90,120,80,124,68,108,590,2,8,1,1,0,1,0,0,0,False
iron-crown,9,90,72,100,98,122,108,590,2,6,1,1,0,1,0,0,0,False
terapagos,9,90,65,85,60,65,85,450,1,1,1,1,0,0,0,0,0,True
pecharunt,9,88,88,160,88,88,88,600,2,4,1,1,0,0,0,0,0,False
